{
  "minecraft": {
    "crop_progress": true,
    "comparator": true,
    "hide_infestations": true,
    "display_furnace_contents": true,
    "jukebox": true,
    "lever": true,
    "spawner_type": true,
    "redstone": true,
    "repeater": true
  },
  "securitycraft": {
    "showowner": true,
    "showmodules": true,
    "showpasswords": true,
    "showcustomname": true
  },
  "waila": {
    "show_registry": false,
    "show_entity_hp": true,
    "show_states": false,
    "show_entities": true
  }
}